Ligand,Residue,Mean_Total_Avg,SD_Rep_Avg,Residue_Label,Report_Value
14XS,R:A:LEU:35,-1.3541514997557051,0.09401784566573783,Leu-35,-1.35 ± 0.09
14XS,R:A:ASH:37,-1.303058890265936,0.27861638433189273,Ash-37,-1.30 ± 0.28
14XS,R:A:SER:40,-1.189227091168095,0.025210616755041125,Ser-40,-1.19 ± 0.03
14XS,R:A:VAL:74,-0.5116527001893213,0.008929209284355992,Val-74,-0.51 ± 0.01
14XS,R:A:TYR:76,-3.1732653520941168,0.05501671147596344,Tyr-76,-3.17 ± 0.06
14XS,R:A:ILE:123,-1.1815711397478394,0.024624341618891647,Ile-123,-1.18 ± 0.02
14XS,R:A:ARG:133,-0.0618359341516617,0.07167386871104596,Arg-133,-0.06 ± 0.07
14XS,R:A:ASP:224,0.4641886772684929,0.21551757532416926,Asp-224,0.46 ± 0.22
14XS,R:A:THR:227,-1.2628335531889554,0.1548378323200849,Thr-227,-1.26 ± 0.15
32,R:A:LEU:35,-1.5926674108324959,0.12143886352156313,Leu-35,-1.59 ± 0.12
32,R:A:ASH:37,-1.5857240496358542,0.16737450964078165,Ash-37,-1.59 ± 0.17
32,R:A:SER:40,-0.8711815672972884,0.014040012059324612,Ser-40,-0.87 ± 0.01
32,R:A:VAL:74,-1.3427500398211405,0.1177570414694671,Val-74,-1.34 ± 0.12
32,R:A:TYR:76,-2.242065747186522,0.12844249982850658,Tyr-76,-2.24 ± 0.13
32,R:A:ILE:123,-1.883769711003527,0.10775558409491166,Ile-123,-1.88 ± 0.11
32,R:A:ARG:133,-0.17325521052952678,0.038389613129740735,Arg-133,-0.17 ± 0.04
32,R:A:ASP:224,0.3967125658737691,0.09962779913043156,Asp-224,0.40 ± 0.10
32,R:A:THR:227,-0.19349608444956015,0.05946104828411622,Thr-227,-0.19 ± 0.06
41,R:A:LEU:35,-0.8394601386673353,0.20335496921079158,Leu-35,-0.84 ± 0.20
41,R:A:ASH:37,-1.017874747071896,0.30268248983734636,Ash-37,-1.02 ± 0.30
41,R:A:SER:40,-1.1153466891300663,0.43992208530337007,Ser-40,-1.12 ± 0.44
41,R:A:VAL:74,-1.1222913696976655,0.5135226273927547,Val-74,-1.12 ± 0.51
41,R:A:TYR:76,-3.1066278107202723,0.5977994810994952,Tyr-76,-3.11 ± 0.60
41,R:A:ILE:123,-1.0187583663437574,0.1814467687248711,Ile-123,-1.02 ± 0.18
41,R:A:ARG:133,-1.65719474171913,1.307915138977998,Arg-133,-1.66 ± 1.31
41,R:A:ASP:224,0.003511514323034722,1.5635324162155377,Asp-224,0.00 ± 1.56
41,R:A:THR:227,-1.4337172526879403,1.1900707686629532,Thr-227,-1.43 ± 1.19
80,R:A:LEU:35,-0.7083713305413002,0.08869494304883356,Leu-35,-0.71 ± 0.09
80,R:A:ASH:37,-0.8483923634082493,0.4562631429043381,Ash-37,-0.85 ± 0.46
80,R:A:SER:40,-1.0717910045702759,0.38242711851630407,Ser-40,-1.07 ± 0.38
80,R:A:VAL:74,-1.2416952705721191,0.21257468080022582,Val-74,-1.24 ± 0.21
80,R:A:TYR:76,-3.4381454383179206,0.39444262914498357,Tyr-76,-3.44 ± 0.39
80,R:A:ILE:123,-1.1379273160049415,0.10171593912285959,Ile-123,-1.14 ± 0.10
80,R:A:ARG:133,-1.2626816044502283,0.9196184318812863,Arg-133,-1.26 ± 0.92
80,R:A:ASP:224,0.6521913597337375,0.6744662412857011,Asp-224,0.65 ± 0.67
80,R:A:THR:227,-0.8819257490064426,0.3450818222181973,Thr-227,-0.88 ± 0.35
